Dooter,WHM,01/24/2025,22:01:32,Garlaige_Citadel,Serket
Fluffymcmuffins,DRK,01/24/2025,22:01:32,Garlaige_Citadel,Serket
Jibbles,BRD,01/24/2025,22:01:32,Garlaige_Citadel,Serket
Kashmere,PLD,01/24/2025,22:01:32,Garlaige_Citadel,Serket
Kelde,WAR,01/24/2025,22:01:32,Garlaige_Citadel,Serket
Kersed,RDM,01/24/2025,22:01:32,Garlaige_Citadel,Serket
Kwickfox,THF,01/24/2025,22:01:32,Garlaige_Citadel,Serket
Lockon,MNK,01/24/2025,22:01:32,Garlaige_Citadel,Serket
Nils,THF,01/24/2025,22:01:32,Garlaige_Citadel,Serket
Pringles,DRG,01/24/2025,22:01:32,Garlaige_Citadel,Serket
Saki,NONE,01/24/2025,22:01:32,Garlaige_Citadel,Serket
Saladd,WHM,01/24/2025,22:01:32,Garlaige_Citadel,Serket
Sonomaa,NIN,01/24/2025,22:01:32,Garlaige_Citadel,Serket
Veyron,NIN,01/24/2025,22:01:32,Garlaige_Citadel,Serket
