Avenger,THF,12/12/2024,00:21:10,Attohwa_Chasm,Tiamat
Dtz,BLM,12/12/2024,00:21:10,Attohwa_Chasm,Tiamat
Hatashy,BRD,12/12/2024,00:21:10,Attohwa_Chasm,Tiamat
Kwickfox,BRD,12/12/2024,00:21:10,Attohwa_Chasm,Tiamat
Lockon,THF,12/12/2024,00:21:10,Attohwa_Chasm,Tiamat
Nils,SMN,12/12/2024,00:21:10,Attohwa_Chasm,Tiamat
Pnoytagas,RDM,12/12/2024,00:21:10,Attohwa_Chasm,Tiamat
Saki,NONE,12/12/2024,00:21:10,Attohwa_Chasm,Tiamat
Seraphine,SMN,12/12/2024,00:21:10,Attohwa_Chasm,Tiamat
Wednesday,SMN,12/12/2024,00:21:10,Attohwa_Chasm,Tiamat
