Aara,BRD,11/21/2024,11:23:09,Attohwa_Chasm,Tiamat
Banzai,BLM,11/21/2024,11:23:09,Attohwa_Chasm,Tiamat
Bobbo,SMN,11/21/2024,11:23:09,Attohwa_Chasm,Tiamat
Boshed,THF,11/21/2024,11:23:09,Attohwa_Chasm,Tiamat
Buddylee,SMN,11/21/2024,11:23:09,Attohwa_Chasm,Tiamat
Camirefine,THF,11/21/2024,11:23:09,Attohwa_Chasm,Tiamat
Dtz,NONE,11/21/2024,11:23:09,Attohwa_Chasm,Tiamat
Eria,WHM,11/21/2024,11:23:09,Attohwa_Chasm,Tiamat
Fmtwo,WHM,11/21/2024,11:23:09,Attohwa_Chasm,Tiamat
Lockon,THF,11/21/2024,11:23:09,Attohwa_Chasm,Tiamat
Loydadario,SMN,11/21/2024,11:23:09,Attohwa_Chasm,Tiamat
Murfbones,SMN,11/21/2024,11:23:09,Attohwa_Chasm,Tiamat
Nibs,SMN,11/21/2024,11:23:09,Attohwa_Chasm,Tiamat
Nils,SMN,11/21/2024,11:23:09,Attohwa_Chasm,Tiamat
Pringles,BLM,11/21/2024,11:23:09,Attohwa_Chasm,Tiamat
Saladd,WHM,11/21/2024,11:23:09,Attohwa_Chasm,Tiamat
Shortbus,THF,11/21/2024,11:23:09,Attohwa_Chasm,Tiamat
Skettie,SMN,11/21/2024,11:23:09,Attohwa_Chasm,Tiamat
Sonomaa,RDM,11/21/2024,11:23:09,Attohwa_Chasm,Tiamat
Spacekraut,PLD,11/21/2024,11:23:09,Attohwa_Chasm,Tiamat
Tomoko,WHM,11/21/2024,11:23:09,Attohwa_Chasm,Tiamat
Trem,PLD,11/21/2024,11:23:09,Attohwa_Chasm,Tiamat
Vear,PLD,11/21/2024,11:23:09,Attohwa_Chasm,Tiamat
Veyron,PLD,11/21/2024,11:23:09,Attohwa_Chasm,Tiamat
