Caile,DRK,02/06/2025,17:06:54,Attohwa_Chasm,Tiamat
Chino,THF,02/06/2025,17:06:54,Attohwa_Chasm,Tiamat
Cinnisbellum,SMN,02/06/2025,17:06:54,Attohwa_Chasm,Tiamat
Clynt,THF,02/06/2025,17:06:54,Attohwa_Chasm,Tiamat
Daveman,BLM,02/06/2025,17:06:54,Attohwa_Chasm,Tiamat
Gordge,BRD,02/06/2025,17:06:54,Attohwa_Chasm,Tiamat
Kashmere,BRD,02/06/2025,17:06:54,Attohwa_Chasm,Tiamat
Kottonmouth,BLM,02/06/2025,17:06:54,Attohwa_Chasm,Tiamat
Kwech,RDM,02/06/2025,17:06:54,Attohwa_Chasm,Tiamat
Nils,SMN,02/06/2025,17:06:54,Attohwa_Chasm,Tiamat
Notix,RDM,02/06/2025,17:06:54,Attohwa_Chasm,Tiamat
Omnico,SMN,02/06/2025,17:06:54,Attohwa_Chasm,Tiamat
Pocky,THF,02/06/2025,17:06:54,Attohwa_Chasm,Tiamat
Prongles,WHM,02/06/2025,17:06:54,Attohwa_Chasm,Tiamat
Rootraider,SMN,02/06/2025,17:06:54,Attohwa_Chasm,Tiamat
Ruki,SMN,02/06/2025,17:06:54,Attohwa_Chasm,Tiamat
Saki,PLD,02/06/2025,17:06:54,Attohwa_Chasm,Tiamat
Saladd,WHM,02/06/2025,17:06:54,Attohwa_Chasm,Tiamat
Seraphine,SMN,02/06/2025,17:06:54,Attohwa_Chasm,Tiamat
Sirlancealot,PLD,02/06/2025,17:06:54,Attohwa_Chasm,Tiamat
Sonomaa,RDM,02/06/2025,17:06:54,Attohwa_Chasm,Tiamat
Vear,PLD,02/06/2025,17:06:54,Attohwa_Chasm,Tiamat
Veyron,NIN,02/06/2025,17:06:54,Attohwa_Chasm,Tiamat
Zazel,RDM,02/06/2025,17:06:54,Attohwa_Chasm,Tiamat
