Cinnisbellum,WHM,02/11/2025,16:35:09,Jugner_Forest,King Arthro
Clynt,PLD,02/11/2025,16:35:09,Jugner_Forest,King Arthro
Cory,DRK,02/11/2025,16:35:09,Jugner_Forest,King Arthro
Daveman,BLM,02/11/2025,16:35:09,Jugner_Forest,King Arthro
Dooter,RDM,02/11/2025,16:35:09,Jugner_Forest,King Arthro
Gordge,BRD,02/11/2025,16:35:09,Jugner_Forest,King Arthro
Kersed,RDM,02/11/2025,16:35:09,Jugner_Forest,King Arthro
Lockon,MNK,02/11/2025,16:35:09,Jugner_Forest,King Arthro
Nils,SMN,02/11/2025,16:35:09,Jugner_Forest,King Arthro
Omnico,MNK,02/11/2025,16:35:09,Jugner_Forest,King Arthro
Sonomaa,RDM,02/11/2025,16:35:09,Jugner_Forest,King Arthro
Thoranir,BRD,02/11/2025,16:35:09,Jugner_Forest,King Arthro
