Ayr,THF,12/18/2024,12:05:03,Bostaunieux_Oubliette,Bloodsucker
Bobbo,DRG,12/18/2024,12:05:03,Bostaunieux_Oubliette,Bloodsucker
Boshed,THF,12/18/2024,12:05:03,Bostaunieux_Oubliette,Bloodsucker
Clynt,THF,12/18/2024,12:05:03,Bostaunieux_Oubliette,Bloodsucker
Fmtwo,MNK,12/18/2024,12:05:03,Bostaunieux_Oubliette,Bloodsucker
Kashmere,BRD,12/18/2024,12:05:03,Bostaunieux_Oubliette,Bloodsucker
Lockon,DRK,12/18/2024,12:05:03,Bostaunieux_Oubliette,Bloodsucker
Loydadario,NONE,12/18/2024,12:05:03,Bostaunieux_Oubliette,Bloodsucker
Nibs,THF,12/18/2024,12:05:03,Bostaunieux_Oubliette,Bloodsucker
Nils,THF,12/18/2024,12:05:03,Bostaunieux_Oubliette,Bloodsucker
Pringles,BLM,12/18/2024,12:05:03,Bostaunieux_Oubliette,Bloodsucker
Saki,THF,12/18/2024,12:05:03,Bostaunieux_Oubliette,Bloodsucker
Synergy,DRG,12/18/2024,12:05:03,Bostaunieux_Oubliette,Bloodsucker
Tomoko,WHM,12/18/2024,12:05:03,Bostaunieux_Oubliette,Bloodsucker
Wammy,BST,12/18/2024,12:05:03,Bostaunieux_Oubliette,Bloodsucker
