Ayr,SMN,05/23/2025,14:50:53,Attohwa_Chasm,Tiamat
Boshed,THF,05/23/2025,14:50:53,Attohwa_Chasm,Tiamat
Buddylee,RDM,05/23/2025,14:50:53,Attohwa_Chasm,Tiamat
Cannon,SMN,05/23/2025,14:50:53,Attohwa_Chasm,Tiamat
Clynt,PLD,05/23/2025,14:50:53,Attohwa_Chasm,Tiamat
Daveman,WHM,05/23/2025,14:50:53,Attohwa_Chasm,Tiamat
Deeteez,THF,05/23/2025,14:50:53,Attohwa_Chasm,Tiamat
Feter,NONE,05/23/2025,14:50:53,Attohwa_Chasm,Tiamat
Gordge,BRD,05/23/2025,14:50:53,Attohwa_Chasm,Tiamat
Hatashy,BRD,05/23/2025,14:50:53,Attohwa_Chasm,Tiamat
Heartbreaker,BLM,05/23/2025,14:50:53,Attohwa_Chasm,Tiamat
Horus,WHM,05/23/2025,14:50:53,Attohwa_Chasm,Tiamat
Jahy,SMN,05/23/2025,14:50:53,Attohwa_Chasm,Tiamat
Kashmere,BRD,05/23/2025,14:50:53,Attohwa_Chasm,Tiamat
Leob,THF,05/23/2025,14:50:53,Attohwa_Chasm,Tiamat
Lockon,THF,05/23/2025,14:50:53,Attohwa_Chasm,Tiamat
Nam,BLM,05/23/2025,14:50:53,Attohwa_Chasm,Tiamat
Neistar,BLM,05/23/2025,14:50:53,Attohwa_Chasm,Tiamat
Nils,THF,05/23/2025,14:50:53,Attohwa_Chasm,Tiamat
Nohope,SMN,05/23/2025,14:50:53,Attohwa_Chasm,Tiamat
Notix,RDM,05/23/2025,14:50:53,Attohwa_Chasm,Tiamat
Pocky,THF,05/23/2025,14:50:53,Attohwa_Chasm,Tiamat
Pringles,BLM,05/23/2025,14:50:53,Attohwa_Chasm,Tiamat
Rhazgull,DRK,05/23/2025,14:50:53,Attohwa_Chasm,Tiamat
Rorry,SMN,05/23/2025,14:50:53,Attohwa_Chasm,Tiamat
Rygor,SMN,05/23/2025,14:50:53,Attohwa_Chasm,Tiamat
Saki,PLD,05/23/2025,14:50:53,Attohwa_Chasm,Tiamat
Saladd,WHM,05/23/2025,14:50:53,Attohwa_Chasm,Tiamat
Savok,BRD,05/23/2025,14:50:53,Attohwa_Chasm,Tiamat
Twisp,SMN,05/23/2025,14:50:53,Attohwa_Chasm,Tiamat
Vear,PLD,05/23/2025,14:50:53,Attohwa_Chasm,Tiamat
Veyron,PLD,05/23/2025,14:50:53,Attohwa_Chasm,Tiamat
