Locomoco,THF,07/19/2025,22:17:33,Attohwa_Chasm,Tiamat
Sonomaa,RDM,07/19/2025,22:17:33,Attohwa_Chasm,Tiamat
Nils,THF,07/19/2025,22:17:33,Attohwa_Chasm,Tiamat
Neistar,SMN,07/19/2025,22:17:33,Attohwa_Chasm,Tiamat
Luck,BLM,07/19/2025,22:17:33,Attohwa_Chasm,Tiamat
Feter,PLD,07/19/2025,22:17:33,Attohwa_Chasm,Tiamat
Kossori,BRD,07/19/2025,22:17:33,Attohwa_Chasm,Tiamat
Binggus,SMN,07/19/2025,22:17:33,Attohwa_Chasm,Tiamat
Lockon,THF,07/19/2025,22:17:33,Attohwa_Chasm,Tiamat
Falsta,PLD,07/19/2025,22:17:33,Attohwa_Chasm,Tiamat
Brethart,THF,07/19/2025,22:17:33,Attohwa_Chasm,Tiamat
Kottonmouth,BLM,07/19/2025,22:17:33,Attohwa_Chasm,Tiamat
Einhander,BRD,07/19/2025,22:17:33,Attohwa_Chasm,Tiamat
Prongles,WHM,07/19/2025,22:17:33,Attohwa_Chasm,Tiamat
Esquire,BLM,07/19/2025,22:17:33,Attohwa_Chasm,Tiamat
