Bobbo,BRD,03/13/2025,09:04:38,Attohwa_Chasm,Tiamat
Felesiea,SMN,03/13/2025,09:04:38,Attohwa_Chasm,Tiamat
Fmtwo,WHM,03/13/2025,09:04:38,Attohwa_Chasm,Tiamat
Kercil,WHM,03/13/2025,09:04:38,Attohwa_Chasm,Tiamat
Lockon,THF,03/13/2025,09:04:38,Attohwa_Chasm,Tiamat
Murfbones,PLD,03/13/2025,09:04:38,Attohwa_Chasm,Tiamat
Nibs,RDM,03/13/2025,09:04:38,Attohwa_Chasm,Tiamat
Nils,SMN,03/13/2025,09:04:38,Attohwa_Chasm,Tiamat
Pringles,BLM,03/13/2025,09:04:38,Attohwa_Chasm,Tiamat
Saki,PLD,03/13/2025,09:04:38,Attohwa_Chasm,Tiamat
Saladd,WHM,03/13/2025,09:04:38,Attohwa_Chasm,Tiamat
Vear,RDM,03/13/2025,09:04:38,Attohwa_Chasm,Tiamat
Veyron,PLD,03/13/2025,09:04:38,Attohwa_Chasm,Tiamat
Vinzo,SMN,03/13/2025,09:04:38,Attohwa_Chasm,Tiamat
Zazel,RDM,03/13/2025,09:04:38,Attohwa_Chasm,Tiamat
