Bobbo,BRD,05/15/2025,14:16:41,Attohwa_Chasm,Tiamat
Boshed,THF,05/15/2025,14:16:41,Attohwa_Chasm,Tiamat
Buddylee,RDM,05/15/2025,14:16:41,Attohwa_Chasm,Tiamat
Clynt,PLD,05/15/2025,14:16:41,Attohwa_Chasm,Tiamat
Daveman,WHM,05/15/2025,14:16:41,Attohwa_Chasm,Tiamat
Fmtwo,WHM,05/15/2025,14:16:41,Attohwa_Chasm,Tiamat
Hatashy,BRD,05/15/2025,14:16:41,Attohwa_Chasm,Tiamat
Horus,WHM,05/15/2025,14:16:41,Attohwa_Chasm,Tiamat
Jahy,SMN,05/15/2025,14:16:41,Attohwa_Chasm,Tiamat
Kashmere,BRD,05/15/2025,14:16:41,Attohwa_Chasm,Tiamat
Kercil,WHM,05/15/2025,14:16:41,Attohwa_Chasm,Tiamat
Kersed,RDM,05/15/2025,14:16:41,Attohwa_Chasm,Tiamat
Lockon,THF,05/15/2025,14:16:41,Attohwa_Chasm,Tiamat
Mcturbo,BLM,05/15/2025,14:16:41,Attohwa_Chasm,Tiamat
Nam,BLM,05/15/2025,14:16:41,Attohwa_Chasm,Tiamat
Natte,SMN,05/15/2025,14:16:41,Attohwa_Chasm,Tiamat
Nils,THF,05/15/2025,14:16:41,Attohwa_Chasm,Tiamat
Nohope,BLM,05/15/2025,14:16:41,Attohwa_Chasm,Tiamat
Prongles,WHM,05/15/2025,14:16:41,Attohwa_Chasm,Tiamat
Rorry,SMN,05/15/2025,14:16:41,Attohwa_Chasm,Tiamat
Saki,PLD,05/15/2025,14:16:41,Attohwa_Chasm,Tiamat
Saladd,WHM,05/15/2025,14:16:41,Attohwa_Chasm,Tiamat
Sonomaa,RDM,05/15/2025,14:16:41,Attohwa_Chasm,Tiamat
Twisp,SMN,05/15/2025,14:16:41,Attohwa_Chasm,Tiamat
Veyron,PLD,05/15/2025,14:16:41,Attohwa_Chasm,Tiamat
Wonky,RDM,05/15/2025,14:16:41,Attohwa_Chasm,Tiamat
