Cinnisbellum,WHM,07/15/2025,15:00:59,Jugner_Forest,King Arthro
Clynt,RDM,07/15/2025,15:00:59,Jugner_Forest,King Arthro
Daveman,WHM,07/15/2025,15:00:59,Jugner_Forest,King Arthro
Deeteez,RNG,07/15/2025,15:00:59,Jugner_Forest,King Arthro
Fmtwo,THF,07/15/2025,15:00:59,Jugner_Forest,King Arthro
Kyra,RDM,07/15/2025,15:00:59,Jugner_Forest,King Arthro
Lockon,DRK,07/15/2025,15:00:59,Jugner_Forest,King Arthro
Nils,THF,07/15/2025,15:00:59,Jugner_Forest,King Arthro
Rorry,THF,07/15/2025,15:00:59,Jugner_Forest,King Arthro
Saki,WAR,07/15/2025,15:00:59,Jugner_Forest,King Arthro
Saladd,MNK,07/15/2025,15:00:59,Jugner_Forest,King Arthro
Sonomaa,RDM,07/15/2025,15:00:59,Jugner_Forest,King Arthro
